name,email,city,company,offer
Rahul Deshmukh,rahul.deshmukh@example.com,Aurangabad,TechNova Solutions,30% OFF
Sneha Kulkarni,sneha.kulkarni@example.com,Pune,Infoline Systems,Flat Rs.500 OFF
Amit Patil,amit.patil@example.com,Mumbai,Skyline Traders,Buy 1 Get 1
Priya Sharma,priya.sharma@example.com,Delhi,Bright Future Academy,25% OFF
Vikram Joshi,vikram.joshi@example.com,Nashik,Joshi Electronics,Free Delivery
Ayesha Khan,ayesha.khan@example.com,Hyderabad,Nova Fashion,40% OFF
Rohit Jadhav,rohit.jadhav@example.com,Nagpur,Jadhav Motors,Rs.1000 Cashback
Meera Nair,meera.nair@example.com,Bengaluru,GreenLeaf Organics,20% OFF
Sagar Pawar,sagar.pawar@example.com,Aurangabad,Pawar Sports,Flat 15% OFF
Nikita Gupta,nikita.gupta@example.com,Jaipur,Gupta Jewellers,Free Gift
Imran Sheikh,imran.sheikh@example.com,Solapur,Sheikh Hardware,Rs.750 OFF
Kavita Rane,kavita.rane@example.com,Kolhapur,Rane Boutique,Buy 2 Get 1
Ankit Verma,ankit.verma@example.com,Lucknow,Verma Traders,35% OFF
Deepak Rao,deepak.rao#example.com,Chennai,Rao Interiors,10% OFF
Pooja Bhosale,pooja.bhosale@,Satara,Bhosale Foods,Free Sample
